D	https://www.nordicsemi.com/Nordic-news/2021/07/Chipolo-ONE-Spot-uses-Nordic-nRF52833-SoC	Chipolo ONE Spot uses Nordic nRF52833 SoC	2026-09-03	Nordic press release; nRF52833, CR2032, 120 dB, 1 yr life; COO quote on why chosen
D	https://github.com/biemster/FindMy/issues/14	Low cost Apple-Airtag clones - biemster/FindMy issue 14	2026-09-03	AliExpress clone teardown: ST17H66 + xtal + 2 caps only, no antenna matching; flashed w/ CH340
D	https://www.macrumors.com/2026/01/26/10-things-to-know-about-the-new-airtag-2/	10+ Things to Know About the New AirTag 2	2026-09-03	AirTag 2 launched 2026-01; $29/$99, UWB2, 1.5x Precision Finding, 50% louder, 11.8 g, CR2032
C	https://github.com/seemoo-lab/openhaystack	OpenHaystack — build your own AirTags (framework)	2026-09-03	Reference framework; firmware only (ESP32/nRF51822), no PCB design files
C	https://github.com/Circuit-Digest/DIY-AirTag	Circuit Digest DIY-AirTag (MDBT50Q-1MV2 nRF52840, ADXL345, buzzer, CR2032)	2026-09-03	PCB/ dir holds "Airtag Gerber.zip" + Airtag/ folder + PNG; EDA tool not stated on listing
C	https://github.com/ruuvi/ruuvitag_hw	RuuviTag hardware repo (Rev A1-A2, B1-B8)	2026-09-03	CC BY-SA 4.0, KiCad, nRF52832, CR2477; 116 stars/43 forks
C	https://github.com/vasimv/Everytag	Everytag — AirTag/Google FMDN emulation firmware + custom beacon hardware	2026-09-03	GPL-3.0; hardware/ dir nRF52833 + BQ51013B Qi + BQ25121A, 50x20x2 mm, LIR2016; PCBWay ~35 USD
C	https://github.com/pix/heystack-nrf5x	heystack-nrf5x — OpenHaystack firmware for nRF51/nRF52	2026-09-03	Firmware only; claims up to 3 years on CR2032
C	https://github.com/espruino/EspruinoBoard	EspruinoBoard — Espruino and Puck.js board schematics	2026-09-03	Puck.js nRF52832 CR2032 open schematics
C	https://adamcatley.com/AirTag	Adam Catley — Apple AirTag reverse engineering	2026-09-03	Teardown BOM: nRF52832, Apple U1, GD25LE32D, BMA280, MAX98357A, TPS62746; LDS antennas
C	https://blog.golioth.io/designing-and-building-an-airtag-clone-a-new-series-from-golioth/	Golioth — Designing and Building an AirTag Clone series	2026-09-03	nRF52840 + Zephyr webinar series
C	https://github.com/Seeed-Studio/OSHW-XIAO-Series	Seeed OSHW XIAO Series hardware files	2026-09-03	XIAO nRF52840 (Sense) 21x17.5 mm, BQ25101 charger
C	https://nrfconnectdocs.nordicsemi.com/ncs/3.3.0-preview2/zephyr/boards/holyiot/holyiot_21014/doc/index.html	Zephyr board support: Holyiot 21014 (nRF52810)	2026-09-03	30 mm dia x 8.4 mm, CR2032, LIS2DH12, RGB LED, button, IP66
D	https://goodix-ble-wiki-en.readthedocs.io/latest/DesignRef/FMNA.Case/Apple%20FindMy%E6%8A%80%E6%9C%AF%E6%96%B9%E6%A1%88.html	Apple Find My Technical Solution - Goodix BLE Knowledge Base	2026-09-03	FMNA footprint 116.7 KB flash / 21.5 KB RAM on GR551x; Apple issues PPID+Token+UUID, pre-burned in factory
D	https://github.com/vasimv/Everytag	Everytag - AirTag/Google FMDN tag emulation firmware	2026-09-03	Runs on nRF52805/810/811/832/833, nRF54L15; names KKM C2/P1/P11/K4P, Minew HCB22E; 40 rotating keys
D	https://www.techinsights.com/blog/apple-airtag-teardown	Apple AirTag Teardown - TechInsights	2026-09-03	nRF52832 WLCSP50 90nm, U1 UWB SiP 16nm, Maxim class-D; "estimated manufacturing cost of USD 10"
D	https://adamcatley.com/AirTag.html	Apple AirTag Reverse Engineering - Adam Catley	2026-09-03	Full part list: nRF52832, BMA280, GD25LE32D, MAX98357AEWL, TPS62746, TLV9001, CR2032 Panasonic
D	https://developer.apple.com/find-my/	Apple - Find My Network Accessory Program	2026-09-03	Official program page; MFi enrolment required
D	https://www.nordicsemi.com/Products/Technologies/Apple-Find-My-network	Apple Find My network - Nordic Semiconductor	2026-09-03	FMN sample supports nRF54L15/nRF52832/833/840; "You will need to have an active MFi licence to be granted access"
D	https://doc.telink-semi.cn/doc/en/software/res/sdk/apple_findmy/findmy_en/	Telink FindMy Network SDK	2026-09-03	FMNA on TLSR921x/951x/922x/952x/827x; 1 MB flash default, reducible to 512 KB; 64 KB RAM
D	https://github.com/biemster/tlsr825x_FindMy	biemster/tlsr825x_FindMy	2026-09-03	Community FindMy firmware for Telink TLSR825x; keys from generate_keys.py, flashed over UART
D	https://www.lcsc.com/product-detail/C519278.html	nRF52810-QCAA-R LCSC	2026-09-03	LCSC price ladder: 1+ $3.1885, 100+ $1.9808, 1000+ $1.7977 (out of stock at fetch)
D	https://www.macobserver.com/news/ifixit-airtag-2-teardown-reveals-louder-speaker-and-new-uwb-chip/	iFixit AirTag 2 Teardown	2026-09-03	AirTag 2 teardown coverage
C	https://github.com/dakhnod/FakeTag	FakeTag — nRF51 firmware compatible with FindMy ecosystem	2026-09-03	MIT; firmware only, no PCB files; 11 commits; Hackaday-featured mailbox sensor
C	https://hackaday.com/2022/05/30/check-your-mailbox-using-the-airtag-infrastructure/	Hackaday: Check Your Mailbox Using The AirTag Infrastructure (2022-05-30)	2026-09-03	Uses cheap generic CR2032 nRF51822 board + vibration sensor
C	https://hackaday.com/2022/02/22/no-privacy-cloning-the-airtag/	Hackaday: No Privacy — Cloning The AirTag (2022-02-22)	2026-09-03	ESP32 clone, no speaker, no serial number; 2000 rotating keys
C	https://makezine.com/projects/find-my-diy-airtag-tracker	Make: Find My — DIY AirTag Tracker (Fabian Braunlein, 2022-12-04)	2026-09-03	ESP32 Huzzah32 or AliExpress nRF51822 beacon + CR2032; no custom PCB files
C	https://github.com/stacksmashing/airtag-hardware	stacksmashing/airtag-hardware — merged AirTag PCB layer images	2026-09-03	No license stated; PCB work credited to David Hulton; 17 stars, 3 commits
C	https://github.com/Sensirion/shtc3_ble_beacon	Sensirion SHTC3 BLE beacon — CR2032 nRF52 beacon	2026-09-03	BSD-3-Clause; schematics + PCB layout + gerbers + STEP housing; nRF5 SDK v17
C	https://github.com/makerdiary/nrf52832-mdk	makerdiary nRF52832-MDK open source dev kit	2026-09-03	MIT; schematic + PCB + STEP for V1.0/V1.1/V2.0
C	https://github.com/NordicPlayground/nrf5-eagle-reference-design	NordicPlayground nRF5 Eagle reference designs	2026-09-03	Eagle + PDF; nRF52832 QFAA, QFAA-DCDC, NFC variants; Nordic-official
C	https://github.com/jacobrosenthal/nrf52-kicad	jacobrosenthal/nrf52-kicad — Nordic QFAA-DCDC via altium2kicad	2026-09-03	KiCad port of Nordic reference design
C	https://github.com/hlord2000/nordic-lib-kicad	nordic-lib-kicad — KiCad symbols/footprints for Nordic parts	2026-09-03	Includes reference design blocks
C	https://github.com/harsh-hw-dev/2.4ghz-ifa-antenna	Reusable 2.4 GHz Inverted-F PCB antenna (Altium lib)	2026-09-03	50 ohm, FR-4, edge placement; Altium symbol/footprint/integrated library
C	https://github.com/TobleMiner/kicad-ifa	kicad-ifa — IFA antenna footprints for KiCad	2026-09-03	Antenna footprint library
C	https://github.com/prasad-dot-ws/ESP32_MIFA_PCB_ANTENNA	ESP32 MIFA PCB antenna footprint for KiCad	2026-09-03	Meandered IFA footprint
C	https://github.com/nideri/nfc_antenna_generator	nfc_antenna_generator — generate NFC antenna module for KiCad	2026-09-03	Parametric NFC coil generator
C	https://github.com/KiCad/kicad-footprints/blob/master/Battery.pretty/BatteryHolder_Keystone_3034_1x20mm.kicad_mod	KiCad footprint: Keystone 3034 CR2032 SMD retainer	2026-09-03	Official KiCad lib; see issue 1896 re contact failures
C	https://github.com/KiCad/kicad-footprints/issues/1896	KiCad issue 1896: BatteryHolder_Keystone_3034 does not make contact	2026-09-03	Reported contact failure, likely soldermask thickness
C	https://github.com/topics/openhaystack	GitHub topic: openhaystack (23 repos)	2026-09-03	Mostly firmware/server; lnf-tag listed as NRF52 lost-and-found tag
C	https://notes.stavros.io/programming/third-party-airtags-research/	Stavros' notes — third party AirTags research (upd. 2024-11-18)	2026-09-03	AliExpress nRF51822 boards; crystal presence affects battery life
C	https://github.com/gargomoma/fakeTec_pcb	fakeTec_pcb — low-cost nRF52840 LoRa Meshtastic board	2026-09-03	NOT a Find My tag (LoRa mesh); gerbers present; ~EUR10 BOM
B	https://github.com/seemoo-lab/openhaystack	OpenHaystack (seemoo-lab)	2026-09-03	Reference impl of Find My offline-finding tag; AGPL-3.0; 13486 stars; last push 2026-08-17 (README-only); macOS app + Mail plugin + nRF51/ESP32/Linux-HCI firmware
B	https://raw.githubusercontent.com/seemoo-lab/openhaystack/main/README.md	OpenHaystack README (raw)	2026-09-03	Saved verbatim to research/fetched/B-openhaystack-README.md; P-224 pairing, losing/finding/searching, firmware table, AGPL licence
B	https://raw.githubusercontent.com/seemoo-lab/openhaystack/main/Firmware/ESP32/main/openhaystack_main.c	openhaystack_main.c ESP32 firmware	2026-09-03	Canonical adv_data[31] byte table, set_addr_from_key, adv interval 1-2 s, ADV_TYPE_NONCONN_IND; saved to fetched/
B	https://raw.githubusercontent.com/seemoo-lab/openhaystack/main/Firmware/ESP32/README.md	OpenHaystack ESP32 firmware README	2026-09-03	PoC only, single static key, ESP32-WROOM/WROVER not S2, ESP-IDF 4.2
B	https://raw.githubusercontent.com/seemoo-lab/openhaystack/main/Firmware/Microbit_v1/README.md	OpenHaystack micro:bit v1 firmware README	2026-09-03	nRF51822 PoC firmware
B	https://arxiv.org/abs/2103.02282	Who Can Find My Devices? (arXiv preprint)	2026-09-03	Heinrich, Stute, Kornhuber, Hollick; submitted 2021-03-03; abstract verbatim
B	https://petsymposium.org/popets/2021/popets-2021-0045.php	PoPETs 2021(3):227-245 landing page	2026-09-03	Canonical venue for the OF security/privacy paper
B	https://www.petsymposium.org/2021/files/papers/issue3/popets-2021-0045.pdf	Who Can Find My Devices? (PETS 2021 PDF)	2026-09-03	PRIMARY: Table 2 adv format, key derivation Eqs 1-4, 15 min key window, 2 s adv interval, 26.3 min median report delay, Table 6 accuracy; pdftotext saved to fetched/
B	https://github.com/dchristl/macless-haystack	Macless-Haystack	2026-09-03	AGPL-3.0; 2169 stars; last push 2026-03-15; v2.7.2 released 2026-03-15; unifies OpenHaystack + biemster/FindMy + FindYou + acalatrava
B	https://raw.githubusercontent.com/dchristl/macless-haystack/main/README.md	Macless-Haystack README	2026-09-03	Docker endpoint + anisette-v3-server; Apple ID with SMS-only 2FA required; ESP32 and nRF5x firmware releases
B	https://raw.githubusercontent.com/dchristl/macless-haystack/main/firmware/nrf5x/README.md	Macless-Haystack nRF5x firmware README	2026-09-03	Battery-optimised acalatrava fork; wakes every 30 min to switch key; nRF51 tested, nRF52 untested; OFFLINEFINDINGPUBLICKEYHERE patch marker
B	https://raw.githubusercontent.com/dchristl/macless-haystack/main/FAQ.md	Macless-Haystack FAQ	2026-09-03	Apple ID "account score" rejections; auth.json; endpoint hardening
B	https://github.com/malmeloo/FindMy.py	FindMy.py	2026-09-03	MIT; 3235 stars; last push 2026-09-01; v0.10.1 2026-06-01; most actively maintained report-fetch library
B	https://github.com/biemster/FindMy	biemster/FindMy	2026-09-03	No licence declared; 719 stars; last push 2024-12-12; firmware dirs for ESP32, Lenze ST17H66, Telink TLSR825X, WCH ch592, BlueZ
B	https://raw.githubusercontent.com/biemster/FindMy/main/README.md	biemster/FindMy README	2026-09-03	"the Lenze 17H66 is found in many 1$ tags obtained from Ali"; anisette-v3-server workflow; free Apple ID + SMS 2FA
B	https://github.com/positive-security/send-my	Send My (Positive Security)	2026-09-03	AGPL-3.0; 1884 stars; last push 2023-11-13; ESP32 upload-only modem over Find My, ~3 bytes/s
B	https://positive.security/blog/send-my	Send My blog post	2026-09-03	Data encoded in advertised public keys; saved to fetched/
B	https://github.com/positive-security/find-you	Find You (Positive Security)	2026-09-03	AGPL-3.0; 1242 stars; last push 2022-02-24; stealth clone iterating 2000 pre-generated keys, 1 beacon per key
B	https://positive.security/blog/find-you	Find You blog post	2026-09-03	Bypass: never-repeated public keys; 2000 keypairs, one beacon per 30 s, key repeats every ~17 h; ESP32+powerbank cheaper than an AirTag
B	https://github.com/acalatrava/openhaystack-firmware	acalatrava alternative nRF firmware	2026-09-03	MIT; 201 stars; last push 2023-12-21; SoftDevice S130/S132 2.0.0, SDK11, nRF51+nRF52
B	https://github.com/pix/heystack-nrf5x	heystack-nrf5x	2026-09-03	No licence declared; 116 stars; last push 2024-11-02; nRF51822/nRF52810/nRF52832 targets, MAX_KEYS up to 500, TX power stepping, DC/DC variants
B	https://github.com/dakhnod/FakeTag	FakeTag (dakhnod)	2026-09-03	MIT; 476 stars; last push 2026-06-22; nRF51 firmware, keys rotate hourly, status byte carries 2 battery bits + 6-bit counter (mailbox sensor)
B	https://github.com/koenvervloesem/openhaystack-zephyr	OpenHaystack Zephyr firmware	2026-09-03	MIT; 90 stars; last push 2022-06-10; single static key, no power management; patchable OFFLINEFINDINGPUBLICKEYHERE! marker
B	https://github.com/seemoo-lab/AirGuard	AirGuard (SEEMOO)	2026-09-03	Apache-2.0; 2488 stars; last push 2026-08-30; Android/iOS anti-tracking scanner, notification in under an hour
B	https://github.com/Dadoum/anisette-v3-server	anisette-v3-server	2026-09-03	No SPDX licence declared; 554 stars; last push 2026-08-01; supplies Apple anisette data so non-Apple hosts can auth to iCloud
B	https://github.com/JJTech0130/pypush	pypush	2026-09-03	NOASSERTION licence; 3772 stars; last push 2026-03-15; the Apple-ID auth breakthrough that made Mac-free report fetching possible
B	https://www.ietf.org/archive/id/draft-ietf-dult-accessory-protocol-00.txt	draft-ietf-dult-accessory-protocol-00	2026-09-03	PRIMARY DULT spec, 4 Nov 2024, Ledvina+Detwiler (Apple), Lazarov+Polatkan (Google); payload table, 15 min / 24 h rotation, 4 s max adv interval, 60 Phon sounder, opcodes
B	https://datatracker.ietf.org/doc/draft-ietf-dult-accessory-protocol/	DULT accessory protocol datatracker	2026-09-03	rev 00, last touched 2025-05-07; still an Internet-Draft, not an RFC
B	https://www.ietf.org/archive/id/draft-ietf-dult-finding-01.txt	draft-ietf-dult-finding-01	2026-09-03	Fossaceca + Rescorla, 5 June 2025; report/lookup protocol for a generic finding network
B	https://www.ietf.org/archive/id/draft-ietf-dult-threat-model-05.txt	draft-ietf-dult-threat-model-05	2026-09-03	Delano et al.; DULT threat model, rev 05 2026-08-06
B	https://datatracker.ietf.org/wg/dult/about/	IETF DULT working group	2026-09-03	Charter and scope of the WG
B	https://www.apple.com/newsroom/2024/05/apple-and-google-deliver-support-for-unwanted-tracking-alerts-in-ios-and-android/	Apple Newsroom, 13 May 2024	2026-09-03	DULT shipped in iOS 17.5 and Android 6.0+; "[Item] Found Moving With You"; Chipolo, eufy, Jio, Motorola, Pebblebee committed
B	https://developer.apple.com/find-my/	Apple Find My for developers	2026-09-03	"enroll in the MFi Program to access the technical specifications"; no public spec download
B	https://mfi.apple.com/en/how-it-works.html	MFi Program - How It Works	2026-09-03	Find My network is an MFi licensed technology; 4-step Product Plan -> Development -> Certification -> Mass Production
B	https://mfi.apple.com/en/faqs.html	MFi Program FAQs	2026-09-03	"The MFi Program is USD $99 ... per membership year"; "This information is only available under NDA"; companies/organizations only
B	https://developer.apple.com/nearby-interaction/	Apple Nearby Interaction with UWB	2026-09-03	NI Accessory Protocol Specification and UWB Interoperability Specification are public downloads; requires your own app, not the Find My app
B	https://wiki.telink-semi.cn/wiki/protocols/Apple-Find-My/	Telink Apple Find-My solution	2026-09-03	Third-party silicon vendor page; "Telink only provides the SDK and support for qualified clients with valid MFi license"; UT/Lost Mode/Play Sound features
B	https://developers.google.com/nearby/fast-pair/specifications/extensions/fmdn	Find Hub Network Accessory Specification (Google)	2026-09-03	PUBLIC spec; 0xFEAA service data, frame 0x40/0x41, 20 or 32 byte EID, ~1024 s rotation, adv at least once every 2 s, DULT mandatory, Network ID 0x02
B	https://eprint.iacr.org/2026/488.pdf	SoK: Offline Finding Protocols for Lightweight Location Tracking	2026-09-03	Kumar, Ortega Perez, Jaeger, Ristenpart, Specter; compares Apple/Google/Samsung/Tile; Delta_conn=15 min, Delta_lost=24 h
B	https://arxiv.org/pdf/2210.14702	Privacy Analysis of Samsung's Crowd-Sourced Bluetooth Location Tracking System	2026-09-03	Samsung SmartThings Find reverse engineering
B	https://www.usenix.org/system/files/usenixsecurity24-yu-tingfeng.pdf	Security and Privacy Analysis of Samsung's Crowd-Sourced BLE Tracking (USENIX Sec 24)	2026-09-03	Peer-reviewed Samsung OF analysis
B	https://arxiv.org/pdf/2510.00350	Security and Privacy Analysis of Tile's Location Tracking Protocol	2026-09-03	Tile protocol reverse engineering by decompiling the Android app
B	https://github.com/lesleyxyz/node-tile	node-tile	2026-09-03	MIT; 40 stars; last push 2025-03-12; reverse-engineered Tile BLE protocol client
B	https://arxiv.org/abs/2606.21067	Snatcher: Apple Find My Network Exposes Your Lost Devices To Strangers	2026-09-03	Submitted 19 Jun 2026; unencrypted BLE adverts, unauthenticated acoustic triggers, slow MAC randomisation on lost Apple devices
B	https://github.com/seemoo-lab/openhaystack/issues/286	openhaystack issue 286 - iOS update impact	2026-09-03	2026-02-06; user on iOS 26.2.1 reports sporadic updates; comment 2026-04-13 lovelyelfpop "Since September 27th 2025, the locations of custom tags have rarely updated"
B	https://github.com/seemoo-lab/openhaystack/issues/283	openhaystack issue 283 - Does this still work?	2026-09-03	Opened 2025-11-06, still open 2026-09; 2026-06-02 comment: ESP32-WROOM advertising but "no reports found"
B	https://github.com/seemoo-lab/openhaystack/issues/57#issuecomment-841642356	openhaystack issue 57 comment - CR2032 3-year estimate	2026-09-03	UNVERIFIED forum arithmetic: 230 mAh / ~9 uA average = ~1065 days; source of the widely repeated "3 years" claim
B	https://github.com/seemoo-lab/owl	owl - Open Apple Wireless Direct Link	2026-09-03	GPL-3.0; 1530 stars; last push 2026-08-17; sibling SEEMOO reverse-engineering project (AWDL, not Find My)
B	https://github.com/seemoo-lab/toothpicker	toothpicker	2026-09-03	MIT; 246 stars; last push 2021-09-21; SEEMOO iOS Bluetooth fuzzer
B	https://github.com/seemoo-lab/BTLEmap	BTLEmap	2026-09-03	Apache-2.0; 216 stars; last push 2024-06-11; the BLE scanner used in the PETS paper to capture OF advertisements
B	https://raw.githubusercontent.com/malmeloo/FindMy.py/main/findmy/scanner/scanner.py	FindMy.py scanner.py	2026-09-03	Status byte decode: bits 6-7 battery (Full/Medium/Low/Very Low), bits 4-5 device type (Apple Device/AirTag/Licensed 3rd Party/AirPods); nearby OF payload len 0x02 vs separated 0x19
D	https://www.ifixit.com/News/50145/airtag-teardown-part-one-yeah-this-tracks	AirTag Teardown: Yeah, This Tracks - iFixit	2026-09-03	Adds FPF2487 load switch; speaker is "a coil of copper" not piezo; CR2032 0.66 Wh user-replaceable
D	https://mfi.apple.com/en/faqs.html	MFi Program FAQs - Apple	2026-09-03	"The MFi Program is USD $99 ... per membership year"; per-unit royalties "only available under NDA"
D	https://github.com/seemoo-lab/openhaystack	OpenHaystack - seemoo-lab	2026-09-03	"Nearby iPhones will not be able to distinguish our accessories from a genuine Apple device"; nRF51/ESP32/Linux HCI
D	https://github.com/biemster/FindMy	biemster/FindMy	2026-09-03	"Lenze 17H66 is found in many 1$ tags obtained from Ali"; free Apple ID + SMS 2FA to fetch reports
D	https://positive.security/blog/find-you	Find You: Building a stealth AirTag clone - Positive Security	2026-09-03	ESP32+powerbank clone, 2000 rotating keys, "no way to distinguish genuine AirTags from clones via Bluetooth"
D	https://musings.martyn.berlin/3-or-less-location-tracking-without-a-mac	$3 or less location tracking without a mac	2026-09-03	AliExpress item 1005007391882805 shipped ST17H66; UART flash on P9/P10/GND/P15
D	https://hotairtag.com/fake-airtag/	How to Spot a Fake AirTag - HotAirTag	2026-09-03	Counterfeit shells "$3-$15 on AliExpress", "no Apple-certified Find My module", zero network capability
D	https://www.hotelexistence.ca/further-thoughts-on-stealth-airtags/	Further Thoughts on Stealth AirTags	2026-09-03	"Loshall" AliExpress tag mislabelled as Xiaomi; genuine AirTags "CAD$39"
D	https://electronics.alibaba.com/product/cheap-key-finder	Cheap Key Finder Buying Guide for B2B Buyers - Alibaba	2026-09-03	B2B tag price table w/ MOQ: $2.22-2.52 @100, $4.51-4.91 @200 (KKM), summary band $3.30-8.00
D	https://kingminson.com/	Shenzhen Kingminson Electronic - Apple Find My ODM	2026-09-03	Find My ODM: models M15/M13/M10/M06, 1300 sqm, 70 people, OEM-ready; MFi ID not disclosed
D	https://chipolo.net/en-us/pages/regulatory	Chipolo Regulatory	2026-09-03	Model-to-FCC-ID map: ONE Spot = 2AD85-C21M, CARD Spot = 2AD85-C21R, POP = C24W, LOOP = C24O, CARD = C24R
D	https://fccid.io/2AD85-C21M	FCC ID 2AD85-C21M Chipolo ONE Spot	2026-09-03	Grant 2021-05-05, 2402-2480 MHz; internal photos exhibit 5232705 (downloaded)
D	https://fccid.io/2AOKB-T87B0	FCC ID 2AOKB-T87B0 eufy SmartTrack Link	2026-09-03	Anker Innovations, grant 2022-05-25, 0.0023 W; internal photos 5895281 (downloaded)
D	https://fccid.io/2AQI5-CM816	FCC ID 2AQI5-CM816 UGREEN FineTrack Smart Finder	2026-09-03	Ugreen Group, grant 2024-11-20, 0.002 W; internal photos 7833668 annotate "RF Chip" + "PCB Antenna"
D	https://fccid.io/IHDT6AB3	FCC ID IHDT6AB3 Motorola moto tag	2026-09-03	Model XT2445-1, Sporton report EP441117A 2024-05-28; photos label separate UWB and BLE antennas
D	https://fccid.io/2AG5O-PB-531-BG	FCC ID 2AG5O-PB-531-BG Pebblebee Clip	2026-09-03	PB Inc, grant 2023-04-04, 0.00154 W; internal photos 6455481 (downloaded); schematics withheld
D	https://hotairtag.com/best-find-my-trackers/	Best Apple Find My Trackers in 2026 - HotAirTag	2026-09-03	Updated 2026-09-01; prices/specs for AirTag 2, Chipolo CARD/LOOP/Pop, eufy Link, Pebblebee Clip 5
D	https://hotairtag.com/best-dual-network-trackers/	Best Dual-Network Trackers: Find My + Find Hub (2026) - HotAirTag	2026-09-03	Updated 2026-07-30; Chipolo Pop $29 120 dB IP55, Pebblebee Clip 5 $35 97 dB, Card 5 1.8 mm, KeySmart, AirCard Pro
D	https://www.lcsc.com/product-detail/C141828.html	NRF52810-QFAA-R LCSC	2026-09-03	1+ $4.50, 100+ $2.0914, 1000+ $1.9043; 19,746 in stock
D	https://developers.google.com/nearby/fast-pair/specifications/extensions/fmdn	Find Hub Network Accessory Specification - Google	2026-09-03	FMDN spec; DULT compliance required for unwanted-tracking
D	https://www.nordicsemi.com/Nordic-news/2022/06/Nutale-Smart-Finder-uses-nRF52832-SoC	Nutale Smart Finder uses nRF52832 SoC - Nordic	2026-09-03	nRF52832, BT 5.3, max TX 4 dBm "meets the requirements of the Apple Find My network", >1 yr on CR2032
D	https://rollingsquare.com/products/aircardpro-dual	Rolling Square AirCard Pro Dual	2026-09-03	$39.90, 2.2 mm, 220 mAh Qi-rechargeable ~12 mo, 20 mm buzzer, Find My + Find Hub
D	https://www.eufy.com/products/t87b0011	eufy SmartTrack Link	2026-09-03	$19.99, replaceable CR2032 up to one year, Find My
D	https://howtogeek.com/ugreen-finetrack-slim-review/	Ugreen FineTrack Slim and Smart Finder Review - How-To Geek	2026-09-03	FineTrack Smart Finder $19.99 CR2032 up to 2 yr 80 dB; FineTrack Slim $23.99 1.7 mm IP68 rechargeable
D	https://www.smartprix.com/bytes/motorola-launches-new-bluetooth-tracker-with-google-find-my-device-support-and-uwb-technology/	Motorola launches moto tag with UWB	2026-09-03	$29.99 single / $99.99 4-pack, CR2032 replaceable, IP67, UWB ~10 m directional
D	https://technotrend.substack.com/p/motorola-moto-tag-brief-product-analysis	Motorola Moto Tag brief product analysis and quick teardown	2026-09-03	31.9 x 8 mm same as AirTag, CR2032; chip IDs (nRF52840 + Qorvo DW3210) cited by others, body paywalled
D	https://www.techradar.com/pro/phone-communications/apple-is-not-blocking-googles-find-my-device-network-and-airtag-clone-no-matter-what-google-says	Apple is not blocking Google's Find My Device network	2026-09-03	Context on cross-network politics; no evidence of Apple blocking clone hardware
F	https://www.apple.com/legal/intellectual-property/guidelinesfor3rdparties.html	Apple Legal - Guidelines for Using Apple Trademarks and Copyrights	2026-09-03	Primary. Referential use allowed ("compatible with"); no variations/takeoffs; no Apple mark in product or company name; no Apple mark as 2LD domain
F	https://www.apple.com/legal/intellectual-property/trademark/appletmlist.html	Apple Legal - Trademark List	2026-09-03	Primary. AirTag(R) generic term "accessories"; Find My(R) generic term "software feature"; list is non-exhaustive
F	https://uspto.report/TM/97086499	APPLE AIRTAG - Apple Inc. trademark registration (serial 97086499)	2026-09-03	US registration record for the AIRTAG mark
F	https://www.apple.com/newsroom/2021/04/apples-find-my-network-now-offers-new-third-party-finding-experiences/	Apple Newsroom - Find My network opens to third-party accessories	2026-09-03	Primary. "Works with Apple Find My" badge is granted to MFi-certified products only
F	https://es.scribd.com/document/691416525/Works-with-Apple-Find-My-Identity-Guidelines-March	Works with Apple Find My Identity Guidelines (third-party mirror)	2026-09-03	UNVERIFIED mirror of Apple badge identity guidelines; cited for existence only
F	https://developer.apple.com/find-my/	Apple Developer - Find My	2026-09-03	Primary. "enroll in the MFi Program to access the technical specifications"
F	https://mfi.apple.com/en/faqs.html	MFi Program FAQs	2026-09-03	Primary. $99/yr; online NDA; "The information shared under the MFi Program is Apple Confidential"
F	https://mfi.apple.com/en/help/login-help/MFi-Enrollment	MFi Program Enrollment	2026-09-03	Primary. Enrolment steps, NDA execution
F	https://www.bse-electronic.com/wp-content/uploads/2024/06/MFiContractv77.0.pdf	MFi Contract v7.0 (third-party mirror)	2026-09-03	UNVERIFIED mirror. Confidentiality agreement survives termination of the Use License
F	https://www.nordicsemi.com/Products/Technologies/Apple-Find-My-network	Nordic Semiconductor - Apple Find My network	2026-09-03	Primary vendor page. "You will need to have an active MFi licence to be granted access"; nRF54L15/52840/52833/52832
F	https://www.apple.com/legal/internet-services/icloud/en/terms.html	Apple iCloud Terms and Conditions	2026-09-03	Primary. V.B bars automated access to the Service; VI bars use outside the Agreement
F	https://en.wikipedia.org/wiki/Nominative_use	Nominative use (trademark doctrine)	2026-09-03	Background on New Kids on the Block 3-part test
F	https://www.inta.org/fact-sheets/fair-use-of-trademarks-intended-for-a-non-legal-audience/	INTA - Fair Use of Trademarks	2026-09-03	Nominative fair use explained for non-lawyers; compatibility claims
F	https://www.worldtrademarkreview.com/article/united-states-how-use-third-party-mark-without-infringing	WTR - How to use a third-party mark without infringing it	2026-09-03	US/EU comparison; "honest commercial practices"; Gillette compatibility example
F	https://patents.google.com/patent/US9479920B1/en	US 9,479,920 B1 - Power management in crowd-sourced lost-and-found service (Apple)	2026-09-03	Priority 2015-09-30, granted 2016-10-25, expiry ~2035. Spec: "the first signal source can be a Bluetooth low energy (BLE) tag"
F	https://patents.google.com/patent/US11889302B2/en	US 11,889,302 B2 - Maintenance of wireless devices (Apple)	2026-09-03	Priority 2020-08-28, granted 2024-01-30, expiry ~2041. Near-owner status bit in advertisement + broadcast-mode transitions on timeout
F	https://image-ppubs.uspto.gov/dirsearch-public/print/downloadPdf/11736938	US 11,736,938 - Maintenance of wireless devices (Apple)	2026-09-03	Same Apple family as US 11,889,302
F	https://patents.google.com/patent/US12073705B2/en	US 12,073,705 B2 - Separation alerts for notification while traveling (Apple)	2026-09-03	Priority 2021-05-07, granted 2024-08-27. Owner-side separation notifications
F	https://image-ppubs.uspto.gov/dirsearch-public/print/downloadPdf/12495353	US 12,495,353 - Non-waking maintenance of near owner state (Apple)	2026-09-03	Near-owner state maintenance family
F	https://image-ppubs.uspto.gov/dirsearch-public/print/downloadPdf/12170892	US 12,170,892 - Maintenance of wireless devices by electronic devices (Apple)	2026-09-03	Find My family
F	https://image-ppubs.uspto.gov/dirsearch-public/print/downloadPdf/12262278	US 12,262,278 - Proximity enhanced location query (Apple)	2026-09-03	Find My family
F	https://image-ppubs.uspto.gov/dirsearch-public/print/downloadPdf/12550214	US 12,550,214 - Pairing groups of accessories (Apple)	2026-09-03	Find My family
F	https://patents.google.com/patent/USD958677S1/en	USD958677 S1 - Electronic device, ornamental design (Apple)	2026-09-03	Filed 2020-02-27, granted 2022-07-26, term to ~2037. Disc-shaped tracking device design - do not copy AirTag appearance
F	https://patents.google.com/patent/US12393817B1/en	US 12,393,817 B1 - Housings for tracking devices (Elevation Lab)	2026-09-03	NOT Apple. Aftermarket AirTag housing with quarter-turn thread; filed 2025-01-07
F	https://patents.google.com/patent/US12106167B1/en	US 12,106,167 B1 - Housings for tracking devices (Elevation Lab)	2026-09-03	NOT Apple. Aftermarket AA-battery AirTag housing
F	https://patents.google.com/patent/US12126992B2/en	US 12,126,992 B2 - Unauthorized tracking device detection and prevention (Tile Inc)	2026-09-03	Platform-side anti-stalking detection incl. rotating-identifier devices; priority 2021-07-13, expiry ~2042
F	https://appleinsider.com/articles/20/08/27/apples-smart-airtags-tracking-device-outlined-in-patent-filing	AppleInsider - Apple's smart AirTags tracking device outlined in patent filing	2026-09-03	Multi-Interface Transponder Device applications, filed Feb 2019, UWB+BLE+speaker; inventors Foster/Nilsen/Puskarich
F	https://www.macrumors.com/2020/10/22/apples-airtags-revealed-in-newly-published-patents/	MacRumors - AirTags revealed in newly published patent applications	2026-09-03	Secondary corroboration of the 2020 AirTag applications
F	https://www.patsnap.com/resources/blog/litigation/mutag-tracking-v-apple-airtag-patent-dismissed-with-prejudice-patsnap/	MuTag Tracking v. Apple - AirTag patent suit dismissed with prejudice	2026-09-03	Secondary. Litigation datapoint in the tracker patent space
F	https://developer.apple.com/documentation/nearbyinteraction/extending-advanced-direction-finding-and-ranging	Apple Developer - Extending advanced direction finding and ranging (Nearby Interaction)	2026-09-03	UWB precision finding APIs
F	https://arxiv.org/abs/2103.02282	Who Can Find My Devices? Security and Privacy of Apple's Crowd-Sourced Bluetooth Location Tracking System (PoPETs 2021)	2026-09-03	The published reverse engineering that a clean-room open implementation must be built on
F	https://petsymposium.org/popets/2021/popets-2021-0045.pdf	PoPETs 2021-0045 PDF - Who Can Find My Devices?	2026-09-03	Peer-reviewed full text
F	https://support.apple.com/en-us/HT211849	CVE-2020-9986 - Apple security fix from OpenHaystack disclosure	2026-09-03	Evidence of responsible disclosure by the TU Darmstadt team
F	https://github.com/seemoo-lab/openhaystack	seemoo-lab/openhaystack	2026-09-03	AGPL-3.0. "not affiliated with or endorsed by Apple Inc."; Mail-plugin report retrieval; fixed public key caveat
F	https://github.com/dchristl/macless-haystack	dchristl/macless-haystack	2026-09-03	AGPL-3.0 badge; Find My reports without a Mac
F	https://en.wikipedia.org/wiki/GNU_Affero_General_Public_License	GNU Affero General Public License	2026-09-03	AGPL section 13 network-use source obligation
F	https://www.eff.org/issues/coders/reverse-engineering-faq	EFF Coders' Rights Project - Reverse Engineering FAQ	2026-09-03	DMCA 1201(f) interoperability carve-out
F	https://vidstromlabs.com/blog/the-legal-boundaries-of-reverse-engineering-in-the-eu/	The legal boundaries of reverse engineering in the EU	2026-09-03	Secondary. Software Directive Art. 6 decompilation for interoperability
F	https://datatracker.ietf.org/wg/dult/documents/	IETF DULT working group documents	2026-09-03	Primary. accessory-protocol-00 EXPIRED; threat-model-05 ACTIVE 2026-08-06; finding-01 expired. No RFC yet
F	https://datatracker.ietf.org/doc/draft-ietf-dult-accessory-protocol/	draft-ietf-dult-accessory-protocol datatracker page	2026-09-03	Authors Ledvina/Detwiler (Apple), Lazarov/Parlak Polatkan (Google); replaces draft-ledvina-dult-accessory-protocol
F	https://www.ietf.org/archive/id/draft-ietf-dult-accessory-protocol-00.txt	draft-ietf-dult-accessory-protocol-00 full text	2026-09-03	THE accessory spec. Sound maker MUST, 60 Phon, 0xFCB2 service data, 8-24h timeout, 6h backoff, serial printed, NFC/BLE identifier. Saved research/fetched/F-dult-accessory-protocol-00.md
F	https://www.ietf.org/archive/id/draft-ietf-dult-threat-model-05.txt	draft-ietf-dult-threat-model-05 full text	2026-09-03	Active. Attacker/target taxonomy; 4.1.4 nonconformant tags; 4.2 protocol goals. Saved research/fetched/F-dult-threat-model-05.md
F	https://www.ietf.org/archive/id/draft-ietf-dult-finding-01.txt	draft-ietf-dult-finding-01 full text	2026-09-03	Expired. Finding tracking tags. Saved research/fetched/F-dult-finding-01.md
F	https://www.apple.com/newsroom/2023/05/apple-google-partner-on-an-industry-specification-to-address-unwanted-tracking/	Apple Newsroom - Apple and Google partner on unwanted tracking spec (May 2023)	2026-09-03	Samsung, Tile, Chipolo, eufy, Pebblebee support; NNEDV and CDT quotes
F	https://www.apple.com/newsroom/2024/05/apple-and-google-deliver-support-for-unwanted-tracking-alerts-in-ios-and-android/	Apple Newsroom - Unwanted tracking alerts ship in iOS 17.5 and Android (May 2024)	2026-09-03	Chipolo, eufy, Jio, Motorola, Pebblebee committed. Compliance framed as voluntary
F	https://support.apple.com/guide/personal-safety/detect-unwanted-trackers-ips139b15fd9/web	Apple Support - Detect unwanted trackers	2026-09-03	iOS 14.5+ for AirTag/Find My accessories; iOS 17.5+ for DULT-compatible third-party trackers
F	https://support.google.com/android/answer/13658562	Android Help - Find unknown trackers	2026-09-03	Android-side unknown tracker alerts (user-facing instructions)
F	https://positive.security/blog/find-you	Positive Security - Find You: Building a stealth AirTag clone	2026-09-03	ESP32, ~2000 rotating keys, no speaker, 5+ days undetected. The threat model this project must answer
F	https://adamcatley.com/AirTag.html	Adam Catley - Apple AirTag Reverse Engineering	2026-09-03	Voice coil glued to shell acts as diaphragm; coil can be disconnected and tag runs silently
F	https://www.ifixit.com/News/50145/airtag-teardown-part-one-yeah-this-tracks	iFixit - AirTag Teardown	2026-09-03	Physical construction corroboration
F	https://9to5mac.com/2021/04/30/airtag-teardown-speaker-design-more/	9to5Mac - AirTag teardown, speaker design	2026-09-03	Speaker construction corroboration
F	https://f-droid.org/packages/de.seemoo.at_tracking_detection/	AirGuard - AirTag protection (F-Droid)	2026-09-03	Open-source passive tracker scanner by SEEMOO TU Darmstadt; the countermeasure to link from the README
F	https://arxiv.org/pdf/2202.11813	AirGuard - Protecting Android Users From Stalking Attacks By Apple Find My Devices	2026-09-03	Academic evaluation; outperformed iOS tracking detection in tests
F	https://www.casemine.com/judgement/us/65f67201f0af1e2dac49b1c3	Hughes v. Apple, Inc., N.D. Cal. No. 3:22-cv-07668	2026-09-03	March 2024: negligence and product liability claims by three plaintiffs survive dismissal
F	https://techxplore.com/news/2024-03-apple-lawsuit-airtags-weapon-stalkers.html	Apple must face lawsuit claiming AirTags are weapon of stalkers	2026-09-03	Secondary report of the March 2024 ruling
F	https://www.macrumors.com/2026/05/01/airtag-stalking-lawsuits-apple/	MacRumors - Apple faces dozens of AirTag stalking lawsuits after class action denied	2026-09-03	Secondary. 40,000+ stalking reports Apr 2021-Apr 2024; "deter as opposed to prevent"
F	https://arxiv.org/pdf/2501.17452	A Tale of Three Location Trackers: AirTag, SmartTag, and Tile	2026-09-03	Comparative privacy/security analysis of tracker ecosystems
F	https://arxiv.org/pdf/2210.14702	Privacy Analysis of Samsung's Crowd-Sourced Bluetooth Location Tracking System	2026-09-03	Comparative crowd-sourced network analysis
F	https://www.law.cornell.edu/cfr/text/47/15.212	47 CFR 15.212 - Modular transmitters	2026-09-03	Primary. Eight conditions for modular approval; "Contains FCC ID" host labelling
F	https://www.law.cornell.edu/cfr/text/47/15.247	47 CFR 15.247 - Operation within 902-928, 2400-2483.5, 5725-5850 MHz	2026-09-03	Primary. 500 kHz min 6 dB BW, 1 W max, 8 dBm/3 kHz PSD, -20 dB OOB
F	https://apps.fcc.gov/eas/comments/GetPublishedDocument.html?id=50&tn=916170	FCC Transmitter Module Equipment Authorization Guide	2026-09-03	Host labelling and modular integration guidance
F	https://raytac.blog/2023/06/14/understanding-wireless-certification-and-compliancea-guide-to-module-and-non-module-approval-processes/	Raytac - Module vs non-module approval processes	2026-09-03	Vendor guidance for nRF52 module integrators
F	https://emcfastpass.com/rf-modules/	EMC FastPass - RF modules: pre-certified vs non-certified	2026-09-03	Secondary. Cost/effort tradeoff of module vs own radio design
F	https://transition.fcc.gov/oet/ea/presentations/files/nov17/52-UWB-Guidance-SJ.pdf	FCC OET - UWB certification issues and guidance	2026-09-03	Primary. 15.250 preferred where in-band; modular approval only under 15.519; 10 s ack timeout rule
F	https://www.ecfr.gov/current/title-47/chapter-I/subchapter-A/part-15/subpart-F	47 CFR part 15 subpart F - Ultra-Wideband Operation	2026-09-03	Primary rule text location for UWB
F	https://standards.iteh.ai/catalog/standards/etsi/986f0a76-a969-45a7-9126-970eb2660696/etsi-en-302-065-1-v2-1-1-2016-11	ETSI EN 302 065-1 V2.1.1 - UWB harmonised standard (RED Art 3.2)	2026-09-03	EU UWB harmonised standard, Part 1 generic applications
F	https://www.etsi.org/deliver/etsi_en/302000_302099/3020650404/02.01.01_60/en_3020650404v020101p.pdf	ETSI EN 302 065-4-4 V2.1.1 (2025-07)	2026-09-03	Current UWB SRD harmonised standard part
F	https://ib-lenhardt.com/kb/glossary/en-300-328	ETSI EN 300 328 - 2.4 GHz compliance standard for RED	2026-09-03	Secondary. Harmonised standard for 2.4 GHz wideband data transmission
F	https://ib-lenhardt.com/kb/faq/radio-equipment-directive-red	Radio Equipment Directive 2014/53/EU explained	2026-09-03	Secondary. Self-declaration via harmonised standards
F	https://instrktiv.com/en/radio-equipment-directive/	Ultimate guide to Radio Equipment Directive compliance	2026-09-03	Secondary. Module A internal production control; DoC and technical file
F	https://single-market-economy.ec.europa.eu/single-market/european-standards/harmonised-standards/radio-equipment_en	European Commission - Harmonised standards for radio equipment (RED)	2026-09-03	Primary index. Summary list served as PDF/XLS generated 13.10.2025; exact OJEU dates NOT extracted
F	https://www.hoganlovells.com/en/publications/outside-but-aligned-ce-marking-to-remain-indefinitely-recognised-in-the-uk	CE marking to remain indefinitely recognised in the UK	2026-09-03	Secondary (law firm). No separate UKCA needed for GB
F	https://www.ul.com/resources/understanding-ce-and-ukca-marking-requirements-wireless-products	UL Solutions - CE and UKCA marking for wireless products	2026-09-03	Secondary. Radio Equipment Regulations 2017
F	https://ib-lenhardt.com/kb/mic-requirements	Japan MIC requirements - certification rules and Giteki	2026-09-03	Secondary. Certified module means no additional host certification, only required marking text
F	https://www.element.com/connected-technologies/wireless-radio-testing/japan-radio-law-and-mic-certification	Element - Japan Radio Law and MIC certification	2026-09-03	Secondary. RCB third-party assessment, not self-declaration
F	https://www.bluetooth.com/fee-schedule/	Bluetooth SIG - Dues and fees (effective 1 March 2026)	2026-09-03	Primary. Adopter dues $0; product qualification $12,000 at Adopter tier; Company ID $1,250
F	https://www.bluetooth.com/develop-with-bluetooth/qualification-listing/	Bluetooth SIG - Qualification listing	2026-09-03	Primary. All products must be qualified under your own membership before market
F	https://www.cpsc.gov/Business--Manufacturing/Business-Education/Business-Guidance/Button-Cell-and-Coin-Battery	CPSC - Button Cell and Coin Battery business guidance	2026-09-03	Primary. Tool or 2 independent+simultaneous hand movements; warnings; 19 Mar 2024 / 21 Sep 2024 dates; GCC
F	https://www.ecfr.gov/current/title-16/chapter-II/subchapter-B/part-1263	16 CFR part 1263 - Safety standard for button cell or coin batteries	2026-09-03	Primary rule. eCFR fetch blocked by redirect; text quoted via CPSC guidance instead
F	https://www.federalregister.gov/documents/2023/09/21/2023-20334/safety-standard-for-button-cell-or-coin-batteries-and-consumer-products-containing-such-batteries	Federal Register - CPSC final rule incorporating ANSI/UL 4200A-2023	2026-09-03	Primary. Rulemaking record for 16 CFR 1263
F	https://www.ul.com/resources/reeses-lawul-4200a-standard-safety-products-incorporating-button-batteries-or-coin-cell	UL Solutions - Reese's Law / UL 4200A	2026-09-03	Scope and compartment/labelling requirements of UL 4200A
F	https://www.csagroup.org/testing-certification/product-areas/information-communication-technology-ict/ul-4200a-button-cell-coin-batteries/	CSA Group - UL 4200A button cell and coin batteries	2026-09-03	Scope: household products; toys under 16 CFR 1250 excluded; zinc-air excluded
F	https://www.intertek.com/retail/us-reeses-law-button-cell-coin-battery/	Intertek - US Reese's Law (16 CFR 1263)	2026-09-03	Secondary compliance overview
F	https://www.forbes.com/sites/stevenaquino/2024/04/16/apples-airtags-are-accessible-but-their-achilles-heel-is-an-inaccessible-battery-door/	Forbes - AirTag's inaccessible battery door	2026-09-03	Accessibility cost of the child-resistant twist door; relevant to haytag door design
F	https://www.compliancegate.com/button-coin-battery-regulations-european-union/	Button cell and coin battery safety standards and regulations in the EU	2026-09-03	Secondary. GPSR 2023/988, Batteries Reg 2023/1542, EN IEC 62115, EN IEC 60086-4. No EU Reese's-Law equivalent for non-toys
F	https://blog.qima.com/lab-testing/guide-to-en-iec-62115-standard	QIMA - Guide to EN IEC 62115 (electric toys)	2026-09-03	Secondary. Battery accessibility and 20 N/10 s fastener retention test
F	https://mydhl.express.dhl/content/dam/downloads/global/en/lithium-batteries/lithium_metal_batteries_regulations.pdf.coredownload.pdf	DHL - Lithium metal battery shipping regulations (UN3090/UN3091, PI968-970)	2026-09-03	Primary carrier guidance for coin cell shipping
F	https://wrap-tds.com/un-3091-lithium-metal-button-cells-contained-in-equipment-by-international-air-within-limits-below/	UN 3091 - lithium metal button cells contained in equipment, by air	2026-09-03	Button cells installed in equipment exempt from lithium battery mark and waybill statement
F	https://dginspector.com/blog/lithium-battery-shipping-guide	Lithium battery shipping compliance guide (UN3480/3481/3090/3091)	2026-09-03	Secondary overview of UN numbers and packing instructions
F	https://cern-ohl.web.cern.ch/	CERN Open Hardware Licence	2026-09-03	Primary. Three v2 variants: CERN-OHL-P, -W, -S
F	https://spdx.org/licenses/CERN-OHL-S-2.0.html	SPDX - CERN-OHL-S-2.0 (strongly reciprocal)	2026-09-03	Recommended licence for haytag PCB and mechanical CAD
F	https://spdx.org/licenses/CERN-OHL-W-2.0.html	SPDX - CERN-OHL-W-2.0 (weakly reciprocal)	2026-09-03	Larger works may use different terms through defined interfaces
F	https://spdx.org/licenses/CERN-OHL-P-2.0.html	SPDX - CERN-OHL-P-2.0 (permissive)	2026-09-03	Permissive hardware option
F	https://en.wikipedia.org/wiki/CERN_Open_Hardware_Licence	CERN Open Hardware Licence (overview)	2026-09-03	Comparison of the three v2 variants
F	https://choosealicense.com/licenses/cern-ohl-s-2.0/	choosealicense - CERN-OHL-S-2.0	2026-09-03	Plain-language summary of strong reciprocity
F	https://certification.oshwa.org/requirements.html	OSHWA Certification Requirements	2026-09-03	Primary. Free self-certification; all creator-controlled parts open; third-party chip datasheets must be shareable; annual renewal
F	https://certification.oshwa.org/mark-usage.html	OSHWA Certification Mark Usage	2026-09-03	UID format (2-letter country code + 6 digits); logo required, UID encouraged
F	https://www.linuxfoundation.org/resources/publications/understanding-us-export-controls-with-open-source-projects	Linux Foundation - Understanding US export controls with open source projects	2026-09-03	Standard cryptography in open source needs no BIS notification since 2021
F	https://www.bis.gov/learn-support/encryption-controls/encryption-items-not-subject-to-ear	BIS - Encryption items not subject to the EAR	2026-09-03	Primary. Publicly available encryption source code and 742.15(b) notification
F	https://www.ecfr.gov/current/title-15/subtitle-B/chapter-VII/subchapter-C/part-742/section-742.15	15 CFR 742.15 - Encryption items	2026-09-03	Primary rule text
F	https://www.ecfr.gov/current/title-15/subtitle-B/chapter-VII/subchapter-C/part-740/section-740.17	15 CFR 740.17 - License Exception ENC	2026-09-03	Primary rule text for encryption commodities
F	https://needcode.io/ble-privacy/	BLE privacy by design - MAC randomisation and EU compliance	2026-09-03	Secondary. ICO 2023 position that MAC + timestamp + location is personal data
F	https://dev.to/custodiaadmin/gdpr-and-iot-devices-privacy-obligations-for-connected-product-manufacturers-4127	GDPR and IoT devices - privacy obligations for connected product manufacturers	2026-09-03	Secondary. Art. 25 privacy by design; manufacturer-as-controller risk
F	https://digital-markets-act.ec.europa.eu/commission-provides-guidance-under-digital-markets-act-facilitate-development-innovative-products-2025-03-19_en	European Commission - DMA specification decisions on Apple interoperability (19 Mar 2025)	2026-09-03	Primary. Nine iOS connectivity features + request-based interoperability process. Find My not among them
F	https://www.macrumors.com/2025/06/02/apple-appeals-eu-dma-interoperability-rules/	Apple appeals EU DMA interoperability rules	2026-09-03	Secondary. Status of the DMA dispute
F	https://www.macrumors.com/2025/12/22/ios-26-3-dma-airpods-pairing/	iOS 26.3 brings AirPods-like pairing to third-party devices in the EU under DMA	2026-09-03	Secondary. DMA interoperability shipping in EU only
F	https://www.engadget.com/mobile/apples-ios-263-will-introduce-proximity-pairing-to-third-party-devices-in-the-eu-133037696.html	Engadget - iOS 26.3 proximity pairing for third-party devices in the EU	2026-09-03	Secondary corroboration
C	https://github.com/pinpoint-dev/tracker	PinPoint tracker — KiCad Find My tag (E73-2G4M08S1E, piezo, RGB LED)	2026-09-03	TAPR OHL v1.0; last commit 2024-07-09; <30x30x10mm map-pin outline; 0 stars
C	https://raw.githubusercontent.com/pinpoint-dev/tracker/main/LICENSE.txt	PinPoint LICENSE.txt (TAPR Open Hardware License v1.0)	2026-09-03	Verified by curl
C	https://www.cdebyte.com/products/E73-2G4M08S1E/2	Ebyte E73-2G4M08S1E nRF52832 module	2026-09-03	Module used by PinPoint; castellated, PCB antenna
C	https://raw.githubusercontent.com/ruuvi/ruuvitag_hw/master/README.md	RuuviTag hw README — CC BY-SA 4.0 + name restriction	2026-09-03	Rev A1-A2, B1-B8; last commit 2021-07-14
C	https://github.com/ruuvi/ruuvitag_hw/tree/master/ruuvitag_revb8	RuuviTag Rev B8 dir listing	2026-09-03	KiCad5 .sch/.kicad_pcb/.pro/-cache.lib + schematic PDF; NO gerbers/BOM
C	https://ruuvi.com/i/u/ruuvitag-tech-spec-2023-04.pdf	RuuviTag Technical Specifications April 2023	2026-09-03	PCB 45 mm dia, enclosure 52 mm/12.5 mm, 25 g, CR2477 1000 mAh (per search snippet; direct PDF extraction was unreliable)
C	https://github.com/vasimv/Everytag/tree/main/hardware	Everytag hardware/ — KiCad + full gerber/drill/PnP set	2026-09-03	nRF52833, LIR2016, Qi via BQ51013B/BQ25121A, Wurth 760308101104 coil
C	https://raw.githubusercontent.com/vasimv/Everytag/main/hardware/README.md	Everytag hardware README	2026-09-03	50x20x2 mm thin or 30x20 mm; charger reset pulse caveat; PCBWay assembly
C	https://www.openhardware.io/view/742/Raybeacon-nRF52-on-the-go-Development-Kit	rayBeacon nRF52833/40 25 mm round CR2032 board	2026-09-03	BSD; gerbers+drill+schematic PDF; NFC flex socket; rev6 ~2019
C	https://github.com/helena-project/squall	Squall — 1 inch round nRF51822 BLE sensor tag (Lab11)	2026-09-03	NO license file found; last commit 2017-09-30; ~$5 raw cost variant
C	https://github.com/adafruit/Adafruit-nRF52-Bluefruit-Feather-PCB	Adafruit nRF52 Bluefruit Feather / nRF52840 Feather Express PCB	2026-09-03	EagleCAD; CC Attribution Share-Alike; README says NOT for low power; last commit 2025-07-07
C	https://certification.oshwa.org/us000246.html	OSHWA US000246 — Adafruit Feather nRF52840 Express	2026-09-03	HW licence "Other", SW MIT, docs CC BY-SA; certified 2020-04-03
C	https://github.com/sparkfun/nRF52840_Breakout_MDBT50Q	SparkFun Pro nRF52840 Mini (DEV-15025)	2026-09-03	Eagle .sch/.brd + panels; MDBT50Q module; last commit 2020-06-17
C	https://github.com/joric/nrfmicro	nrfmicro — open nRF52840 Pro Micro replacement (KiCad)	2026-09-03	Ships E73-2G4M08S1C-52840.kicad_mod footprint; 18x33 mm
C	https://github.com/skunkforce/edgy_boards	edgy_boards — decompose circuits into reusable blocks (KiCad)	2026-09-03	Closest prior art to GOAL.md's embeddable-block idea
C	https://gitlab.com/kicad/code/kicad/-/issues/2263	KiCad issue 2263 — Support Design Blocks (reuse library) for schematics	2026-09-03	KiCad 9 design blocks copy into new projects; schematic reuse only
C	https://hackaday.com/2026/02/02/teardown-of-an-apple-airtag-2-with-die-shots/	Hackaday: Teardown of an Apple AirTag 2 with die shots (2026-02-02)	2026-09-03	AirTag 2 = nRF52840 + UWB module + Bosch accel + SPI EEPROM; speaker ring inside UWB antenna
C	https://www.digikey.com/es/maker/projects/making-a-walletsized-apple-airtag-with-speaker/fe02590de87948f8a74938b39cbf6ed3	DigiKey maker.io: Making a wallet-sized Apple AirTag with speaker (Will Siffer, 2023-01-24)	2026-09-03	Same Sky CDS-20144-L100 4ohm 1W 92 dB speaker at USD 5.45; reuses stock AirTag PCB
C	https://www.nordicsemi.com/Nordic-news/2021/07/Chipolo-ONE-Spot-uses-Nordic-nRF52833-SoC	Nordic: Chipolo ONE Spot uses nRF52833, CR2032, 1 year	2026-09-03	Commercial Find My competitor reference point
C	https://hubble.com/community/guides/esp32-power-consumption-in-ble-mode-what-to-expect-from-advertising-scanning-and-connected-states/	Hubble Network: ESP32 power consumption in BLE mode	2026-09-03	CR2032 on unconfigured ESP32 "dies by lunchtime"; BLE tag 5-15 mA for a few ms per advert
C	https://www.silabs.com/documents/public/application-notes/an1088-designing-with-pcb-antenna.pdf	Silicon Labs AN1088 — Designing with an Inverted-F 2.4 GHz PCB antenna	2026-09-03	IFA design + keep-out rules
C	https://www.bitcraze.io/documentation/hardware/loco_deck/loco_deck_revd.pdf	Bitcraze Loco Positioning deck rev D schematic (KiCad 4.0.2, CC-BY 4.0)	2026-09-03	UWB DWM1000; dated 2016-03-31; lane H owns UWB
C	https://github.com/Makerfabs/Makerfabs-ESP32-UWB-DW3000	Makerfabs ESP32 UWB DW3000 hardware repo	2026-09-03	ESP32+DW3000; DW3000 Arduino lib by NConcepts; lane H owns UWB
C	https://github.com/qqice/UWB-DW3000-NRF52	UWB-DW3000-NRF52 board	2026-09-03	Only nRF52+DW3000 board repo seen; not inspected; lane H
C	https://github.com/foldedtoad/dwm3000	foldedtoad/dwm3000 — Qorvo DWM3000 port on DWS3000 shield, nRF52840 PCA10056	2026-09-03	Firmware; lane H
C	https://github.com/zephyrproject-rtos/zephyr/blob/main/boards/holyiot/holyiot_21014/doc/index.rst	Zephyr board definition: Holyiot 21014 (nRF52810)	2026-09-03	Only open artefact for this 30 mm CR2032 tag; no vendor schematic found
C	https://commons.wikimedia.org/wiki/File:Inside_of_Airtag_-_3.jpg	Commons: Inside of Airtag - 3 (KKPCW/Kyu3, CC BY-SA 4.0)	2026-09-03	Downloaded to images/designs/C-airtag-inside-3.jpg
C	https://commons.wikimedia.org/wiki/File:Inside_of_Airtag_-_4.jpg	Commons: Inside of Airtag - 4 (KKPCW/Kyu3, CC BY-SA 4.0)	2026-09-03	Downloaded to images/designs/C-airtag-inside-4.jpg
C	https://commons.wikimedia.org/wiki/File:Button_cells_and_Airtag.jpg	Commons: Button cells and Airtag (KKPCW/Kyu3, CC BY-SA 4.0)	2026-09-03	Scale reference; downloaded to images/designs/
B	https://support.apple.com/en-us/HT212227	What to do if you get an alert that an AirTag ... is with you (Apple Support)	2026-09-03	Tracking Notifications need iOS 17.5+ for third-party trackers; "if it was with you overnight, its identifier might have changed. Find My uses the identifier to determine that it's the same item moving with you"; Precision Finding for unknown items limited to AirTag / AirPods Pro 3 case
